{
    "left": 0,
    "top": 0,
    "right": 0,
    "bottom": 0,
    "centroid_x": 2100,
    "centroid_y": 1931,
    "min_x": 80,
    "min_y": 1224,
    "min_z": 47.18677042801556,
    "min_val": 12127.0,
    "max_x": 2998,
    "max_y": 4093,
    "max_z": 145.45525291828795,
    "max_val": 37382.0
}