{
    "mesh_centroid_x": 2277.3293381724966,
    "mesh_centroid_y": 63.680453368126166,
    "mesh_centroid_z": 2141.049522841747
}