{
    "left": 1728,
    "top": 0,
    "right": 0,
    "bottom": 247,
    "centroid_x": 3206,
    "centroid_y": 1773,
    "min_x": 2486,
    "min_y": 137,
    "min_z": 57.53307392996109,
    "min_val": 14786.0,
    "max_x": 3843,
    "max_y": 3780,
    "max_z": 180.295719844358,
    "max_val": 46336.0
}