{
    "mesh_centroid_x": 5082.549412975817,
    "mesh_centroid_y": 117.7976653696498,
    "mesh_centroid_z": 4818.956102760267
}