{
    "mesh_centroid_x": 5120.281309388774,
    "mesh_centroid_y": 71.94441358673481,
    "mesh_centroid_z": 4191.310387069386
}